Rk,Team,Conf,W-L,NetRtg,ORtg,ORtgRk,DRtg,DRtgRk,AdjT,AdjTRk,Luck,LuckRk,SOS_NetRtg,SOS_NetRtgRk,Opp_ORtg,Opp_ORtgRk,Opp_DRtg,Opp_DRtgRk,NCSOSNetRtg,NCSOS_Rk,Year
1,Duke,ACC,29-2,40.62,128.5,5,87.9,1,65.4,294,0.03,110,14.15,14,117.3,20,103.1,7,10.95,17,2026
2,Michigan,B10,29-2,39.35,128.6,4,89.3,2,71.5,18,0.039,87,16.01,4,118.8,7,102.7,4,13.08,10,2026
3,Arizona,B12,29-2,37.33,126.7,7,89.4,3,70.1,45,0.011,155,14.11,15,117.7,18,103.6,19,3.75,98,2026
4,Florida,SEC,25-6,35.34,126.5,8,91.2,4,70.9,24,-0.051,313,15.63,6,119.5,3,103.9,26,8.25,31,2026
5,Illinois,B10,24-7,32.67,131.7,1,99.1,26,65.5,286,-0.035,288,13.53,19,117.2,21,103.7,22,4.13,91,2026
6,Houston,B12,26-5,32.48,125.1,17,92.6,6,63.4,351,0.002,176,12.35,31,116.7,32,104.3,42,1.16,159,2026
7,Iowa St.,B12,25-6,29.96,123,26,93,7,66.7,218,0.006,170,11.51,41,115.3,56,103.8,25,-3.2,279,2026
8,Purdue,B10,23-8,29.42,130.5,2,101.1,39,64.9,310,-0.021,242,14.99,8,118.5,9,103.5,16,6.69,48,2026
9,Michigan St.,B10,25-6,28.93,122.8,27,93.9,8,65.9,266,0.019,132,13.72,18,118.4,10,104.7,57,3.86,95,2026
10,Gonzaga,WCC,28-3,28.4,122.5,29,94.1,10,69.2,86,0.067,37,6,87,113.2,82,107.2,96,8.62,28,2026
11,Connecticut,BE,27-4,28.26,122.7,28,94.5,11,64.9,311,0.052,59,11.98,35,115.6,52,103.6,18,8.31,30,2026
12,Nebraska,B10,26-5,26.95,119.4,54,92.4,5,66.9,209,0.028,117,11.08,53,116.2,40,105.1,61,-5.62,317,2026
13,Vanderbilt,SEC,24-7,26.47,125.6,15,99.1,27,69.5,71,0.02,130,13.31,20,117.9,14,104.5,50,1.65,143,2026
14,Tennessee,SEC,21-10,26.13,121.5,36,95.4,15,65.3,297,-0.058,321,14.43,11,119.1,5,104.7,58,1.24,157,2026
15,Louisville,ACC,22-9,26.12,125.8,14,99.6,30,70.1,44,-0.016,229,12.38,30,115.8,45,103.5,15,2.98,114,2026
16,Alabama,SEC,23-8,26.12,129.7,3,103.6,67,73,4,0.038,91,17.04,1,120.1,2,103,6,13.23,8,2026
17,Texas Tech,B12,22-9,26.1,126.2,10,100.1,33,66.3,244,-0.002,192,15.33,7,118.5,8,103.2,9,8.18,33,2026
18,Arkansas,SEC,23-8,25.96,127.9,6,102,44,71.2,21,0.029,113,14.75,10,119.1,6,104.4,45,4.89,78,2026
19,Kansas,B12,22-9,25.4,119.5,53,94.1,9,67.6,171,0.038,90,16.7,3,118.2,11,101.5,1,11.59,13,2026
20,Virginia,ACC,27-4,25.25,121.8,34,96.5,16,65.8,269,0.071,33,8.63,74,114.9,66,106.2,82,-3.1,277,2026
21,St. John's,BE,25-6,24.43,119.8,51,95.4,14,69.8,63,0.06,46,11.3,45,115.5,53,104.2,35,6.57,51,2026
22,Saint Mary's,WCC,27-4,23.64,120.6,43,97,17,65.4,295,0.024,127,4.89,94,111.6,99,106.7,91,4.39,87,2026
23,Wisconsin,B10,22-9,22.59,125.4,16,102.8,54,69,94,0.038,89,12.64,28,116.8,30,104.1,33,-0.78,217,2026
24,Iowa,B10,20-11,22.53,121.9,32,99.4,28,63,358,-0.055,316,11.38,43,115.8,46,104.4,48,-6.88,337,2026
25,BYU,B12,21-10,22.41,126,11,103.6,68,69.8,60,-0.011,218,14.38,12,116.8,29,102.4,3,5.19,74,2026
26,Ohio St.,B10,20-11,21.67,124.4,18,102.7,52,66.3,241,-0.029,269,12.79,27,116.6,33,103.8,24,-1.48,236,2026
27,Kentucky,SEC,19-12,21.44,121.3,38,99.9,31,68.1,135,-0.029,265,15.73,5,119.2,4,103.5,17,1.82,136,2026
28,UCLA,B10,21-10,21.3,123.9,19,102.6,51,64.4,329,0.015,145,11.63,39,116,44,104.3,43,-1.71,243,2026
29,Miami FL,ACC,24-7,21.16,121.8,33,100.7,35,67.8,153,0.001,182,6.73,82,113.2,81,106.5,87,-7.12,341,2026
30,North Carolina,ACC,24-7,21.07,121.6,35,100.6,34,67.8,156,0.077,29,11.5,42,115.7,50,104.2,34,1.52,147,2026
31,Georgia,SEC,22-9,21.05,125.9,12,104.8,87,71.3,20,0.011,156,11.04,54,116.5,34,105.5,68,-6.11,325,2026
32,Villanova,BE,24-7,21,121.1,40,100.1,32,65.2,300,0.07,34,10.51,65,115.2,60,104.7,56,3.12,112,2026
33,Texas,SEC,18-13,19.93,126.3,9,106.3,110,66.8,217,-0.076,341,14.04,17,117.9,13,103.9,27,-5.95,322,2026
34,Texas A&M,SEC,21-10,19.78,120.6,44,100.8,37,70.7,27,-0.005,196,10.94,58,117.1,24,106.2,80,-5.82,319,2026
35,Utah St.,MWC,25-6,19.61,123,25,103.4,63,67.7,162,0.063,44,7.05,80,113.2,83,106.2,79,2.34,125,2026
36,N.C. State,ACC,19-12,19.6,123.3,23,103.7,71,69,95,-0.025,256,11.94,36,116.3,38,104.4,44,4.49,83,2026
37,Santa Clara,WCC,25-7,19.34,123.3,24,103.9,73,69.8,58,0.012,150,5.14,92,111.7,96,106.6,90,4.28,90,2026
38,Clemson,ACC,22-9,18.94,116.3,76,97.4,21,64.2,335,-0.001,187,9.64,70,115,65,105.4,67,1.07,164,2026
39,Auburn,SEC,16-15,18.74,125.9,13,107.1,124,67.2,192,-0.051,312,16.87,2,120.1,1,103.2,10,8.7,26,2026
40,Saint Louis,A10,27-4,18.63,120.1,47,101.4,41,71,23,0.043,71,0.59,147,108.9,196,108.3,126,-5.38,315,2026
41,Indiana,B10,18-13,18.12,121.2,39,103.1,59,66.2,246,-0.035,287,12,34,116.5,35,104.5,49,-4.58,301,
42,Cincinnati,B12,17-14,17.76,112.4,117,94.7,12,67.6,165,-0.069,334,11.56,40,115.3,58,103.7,23,-2.81,270,2026
43,SMU,ACC,19-12,17.51,123.8,20,106.3,108,69,96,-0.033,281,11.08,52,115.7,48,104.7,55,1.7,141,2026
44,TCU,B12,21-10,17.41,114.7,93,97.3,20,67.6,168,0.01,158,10.71,64,115.4,55,104.7,54,-6.72,333,2026
45,VCU,A10,24-7,16.88,120.3,46,103.4,64,69,97,-0.019,235,3.49,102,111,108,107.5,102,-1.07,224,2026
46,Oklahoma,SEC,17-14,16.81,123.6,21,106.8,116,66.5,231,-0.068,330,13.3,21,117.5,19,104.2,38,-5.16,311,2026
47,San Diego St.,MWC,20-10,16.68,114.8,91,98.1,23,69,100,0.004,172,8.14,76,114.3,69,106.2,78,5.86,60,2026
48,Baylor,B12,16-15,16.25,123.3,22,107.1,122,67.8,154,-0.074,340,14.26,13,116.3,39,102,2,1.6,144,2026
49,New Mexico,MWC,22-9,15.87,117.2,66,101.4,40,70.1,49,-0.021,243,6.05,86,112.5,90,106.4,86,0.91,169,2026
50,Missouri,SEC,20-11,15.49,119.8,49,104.3,78,66.1,251,0.055,54,11.35,44,116.9,27,105.5,70,-7.6,347,2026
51,Seton Hall,BE,20-11,15.32,110.5,153,95.2,13,65,307,-0.034,285,8.54,75,114,74,105.5,69,-3.95,291,2026
52,South Florida,Amer,23-8,15.28,117.7,61,102.5,50,71.6,14,-0.026,259,3.27,105,111.7,97,108.4,131,4.88,79,2026
53,UCF,B12,20-10,15.17,122.1,31,106.9,118,69.4,75,0.084,20,11.29,47,115.2,61,103.9,28,-2.17,257,2026
54,Washington,B10,15-16,14.98,117.3,65,102.3,49,67.2,191,-0.105,361,11.9,37,117,25,105.1,62,-0.38,205,2026
55,Boise St.,MWC,20-11,14.35,117.9,59,103.5,65,65.5,287,0.039,86,9.21,71,114.8,67,105.6,73,8.03,37,2026
56,Virginia Tech,ACC,19-12,14.07,117.4,62,103.3,61,67.1,197,0.001,178,10.23,67,115.4,54,105.2,64,-0.55,212,2026
57,West Virginia,B12,18-13,14.04,111.3,136,97.2,19,62.4,363,-0.033,282,9.08,73,114.2,71,105.2,63,-7.99,349,2026
58,Tulsa,Amer,25-6,13.95,122.3,30,108.4,145,68,140,0.016,142,0.39,150,109.6,159,109.2,157,-2.21,259,2026
59,Stanford,ACC,20-11,13.71,117.8,60,104.1,75,67,205,0.048,61,9.19,72,113.8,76,104.6,53,-0.09,194,2026
60,Grand Canyon,MWC,20-11,13.53,110.8,147,97.2,18,67.9,147,-0.056,317,3.82,101,112.1,93,108.3,125,-5.47,316,2026
61,Akron,MAC,26-5,13.42,120.7,42,107.3,128,70.6,29,-0.006,206,-3.95,251,108.3,237,112.3,284,-2.82,271,2026
62,LSU,SEC,15-16,13.2,119.6,52,106.4,112,66.5,229,-0.082,345,10.83,61,116.1,41,105.3,66,-4.43,299,2026
63,Arizona St.,B12,16-15,13.16,116.7,72,103.5,66,69.2,85,0.031,108,14.1,16,117.7,17,103.6,20,5.99,58,2026
64,Colorado,B12,17-14,12.6,119.3,55,106.7,115,68.8,106,0.034,100,11.21,50,115.8,47,104.6,51,0.49,182,2026
65,Florida St.,ACC,17-14,12.5,117,67,104.5,81,70.5,31,-0.001,188,10.76,63,115,64,104.3,41,-2.84,272,2026
66,Northwestern,B10,13-18,12.45,117.3,64,104.8,88,65.4,293,-0.095,354,13.24,22,117.2,23,103.9,29,-1.26,227,2026
67,Belmont,MVC,26-6,12.29,121,41,108.7,154,69,101,0.035,98,0.25,152,108.6,213,108.4,129,-4.17,296,2026
68,McNeese,Slnd,26-5,12.19,115,86,102.8,56,66.3,242,0.079,26,-1.67,203,107.9,253,109.6,171,9.74,21,2026
69,Oklahoma St.,B12,18-13,12.15,118.9,56,106.8,117,72.2,9,0.057,50,12.2,32,115.6,51,103.4,13,-0.8,218,2026
70,Northern Iowa,MVC,23-12,11.79,110.3,157,98.5,25,62.3,364,-0.07,335,1.56,122,109.9,145,108.3,127,-0.75,216,2026
71,California,ACC,21-10,11.73,113.6,107,101.9,42,68.1,134,0.058,47,7.18,78,113.6,78,106.4,85,-6.12,326,2026
72,Minnesota,B10,15-16,11.49,115.1,85,103.6,69,62.4,362,-0.05,311,11.09,51,116.7,31,105.6,72,-8.21,351,2026
73,Providence,BE,14-17,11.39,121.4,37,110,188,71.2,22,-0.098,356,10.76,62,114.2,72,103.4,14,-0.17,196,2026
74,Creighton,BE,15-16,11.37,117,68,105.6,100,67.4,179,-0.022,244,11.84,38,115.1,63,103.3,11,3.92,94,2026
75,Wake Forest,ACC,16-15,11.35,116.9,69,105.5,96,68.3,127,-0.026,260,11.23,48,116.1,43,104.8,60,1.05,166,2026
76,Nevada,MWC,20-11,11,116.1,78,105.1,92,65.5,282,0.013,148,6.32,85,112.9,85,106.5,89,3.21,110,2026
77,USC,B10,18-13,10.84,114.2,99,103.3,62,70.6,30,0.084,23,12.45,29,116.9,28,104.4,47,-0.5,209,2026
78,Yale,Ivy,23-5,10.78,120.5,45,109.7,181,64.8,317,0.064,41,-1.08,184,108.9,195,110,187,1.76,137,2026
79,Dayton,A10,21-10,10.66,111.4,133,100.8,36,67.1,195,0.034,102,4.12,99,111.8,94,107.7,108,1.28,153,2026
80,Syracuse,ACC,15-16,10.31,115.2,84,104.9,91,67.5,176,-0.044,302,10.26,66,113.9,75,103.6,21,-1.87,250,2026
81,Mississippi,SEC,46375,10.27,114.3,96,104.1,74,66,259,-0.1,359,13.02,26,117.8,15,104.8,59,-2.1,255,2026
82,Butler,BE,16-15,9.79,116.4,75,106.6,114,68.7,108,-0.023,248,10.07,68,114.3,70,104.2,36,-2.74,268,2026
83,George Washington,A10,17-14,9.76,118.2,58,108.4,148,69.2,87,-0.148,365,1.33,128,109.6,157,108.3,123,-2.58,263,2026
84,Hofstra,CAA,22-10,9.75,114.8,90,105.1,93,64.9,312,-0.071,336,-0.56,170,108.7,210,109.2,161,3.59,104,2026
85,Marquette,BE,46375,9.67,111.9,129,102.2,46,68.7,110,-0.1,360,11.29,46,115.7,49,104.4,46,1.91,133,2026
86,Colorado St.,MWC,20-11,9.67,120,48,110.4,194,62.9,361,0.041,79,4.81,96,112.8,86,108,117,-2.03,252,2026
87,Georgetown,BE,14-17,9.67,115,88,105.3,94,66.4,233,-0.066,329,10.03,69,114.1,73,104.1,31,-4.09,293,2026
88,Wichita St.,Amer,21-10,9.42,113.1,108,103.7,72,66.3,240,-0.044,303,0.66,143,110.1,133,109.4,169,-2.04,253,2026
89,Stephen F. Austin,Slnd,27-4,9.34,113.8,103,104.4,79,66,264,-0.005,200,-4.1,254,106.2,292,110.3,195,-3.46,285,2026
90,Utah Valley,WAC,24-7,9.29,113.6,105,104.3,77,69,92,0.042,75,-0.26,164,107.6,262,107.9,115,3.02,113,2026
91,Miami OH,MAC,31-0,8.92,116.8,70,107.9,139,70.2,43,0.116,11,-5.21,274,107.6,260,112.9,309,-9.5,361,2026
92,Notre Dame,ACC,13-18,8.84,115.8,81,107,121,66,261,-0.059,323,11.02,56,115.2,59,104.2,37,1.49,148,2026
93,High Point,BSth,30-4,8.44,117.4,63,108.9,161,70,51,0.048,60,-8.84,343,104.1,334,112.9,317,-8.5,355,2026
94,George Mason,A10,23-8,8.04,114.2,100,106.1,107,63.4,348,0.067,36,0.61,146,110,134,109.4,168,-7.47,345,2026
95,South Carolina,SEC,13-18,7.87,112.4,116,104.6,82,66.5,230,-0.057,318,10.99,57,116.9,26,105.9,75,-8.45,354,2026
96,Xavier,BE,14-17,7.73,116.6,73,108.9,159,70.2,40,-0.003,194,11.21,49,114.4,68,103.2,8,1.46,149,2026
97,Oregon,B10,46375,7.7,112.3,120,104.6,84,66,258,-0.03,274,13.24,23,117.2,22,103.9,30,1.83,135,2026
98,Wyoming,MWC,18-13,7.62,115.5,82,107.8,137,66.3,245,-0.009,215,4.16,98,112.3,91,108.1,120,-4.87,304,2026
99,Pittsburgh,ACC,46375,7.57,113.1,109,105.6,99,63.7,345,-0.079,343,10.86,60,115.1,62,104.3,40,0.98,167,2026
100,Mississippi St.,SEC,13-18,7.3,113.6,106,106.3,109,69.6,66,0.001,180,13.14,24,117.8,16,104.6,52,0.85,171,2026
101,Kansas St.,B12,46375,7.18,113.1,110,105.9,104,72.6,7,-0.069,332,13.07,25,116.4,36,103.3,12,0.38,186,2026
102,DePaul,BE,16-15,6.99,107.8,199,100.9,38,66.4,239,-0.004,195,8.04,77,113.8,77,105.7,74,-9.78,362,2026
103,Illinois St.,MVC,20-12,6.61,110.8,146,104.2,76,66.7,220,-0.009,213,1.64,120,110.4,123,108.7,144,-2.62,264,2026
104,UNLV,MWC,16-15,6.32,116,80,109.7,180,70.1,46,-0.01,216,6.35,84,112.7,87,106.4,83,1.4,150,2026
105,Illinois Chicago,MVC,19-15,6.14,110.7,150,104.6,83,66.4,237,-0.061,326,1.91,116,110.5,116,108.6,139,-2.16,256,2026
106,UC Irvine,BW,22-10,6.03,104.2,269,98.2,24,68.4,122,-0.007,211,-0.68,173,109,190,109.7,172,0.89,170,2026
107,Davidson,A10,19-12,5.93,110.8,148,104.8,89,63.8,342,0.029,111,2.65,108,110.4,122,107.8,112,0.22,191,2026
108,St. Thomas,Sum,24-9,5.91,114.3,97,108.4,147,68.3,126,-0.034,284,-5.29,276,107.7,258,113,320,-0.51,211,2026
109,Sam Houston St.,CUSA,21-10,5.89,115,87,109.1,164,70.2,39,-0.003,193,0.09,154,110,139,109.9,178,6.23,53,2026
110,UNC Wilmington,CAA,26-6,5.83,112.2,122,106.3,111,65.1,304,0.028,118,-4.7,265,106.9,281,111.6,245,-7.99,350,2026
111,Pacific,WCC,18-15,5.45,111,142,105.6,98,64.3,331,-0.02,238,3.31,104,111,107,107.6,106,0.39,185,2026
112,Cal Baptist,WAC,23-8,5.4,108.2,190,102.8,53,65.7,272,0.084,22,-1.93,210,107.3,274,109.2,156,-3.01,274,2026
113,UC San Diego,BW,22-10,5.28,109,178,103.7,70,67.3,184,0.004,171,-0.75,175,108.3,239,109,148,0.56,180,2026
114,North Dakota St.,Sum,27-7,5.12,112,125,106.9,119,66.4,238,0.04,84,-5.5,281,106.9,280,112.4,294,-0.68,214,2026
115,Hawaii,BW,22-8,5.03,107.3,213,102.2,48,69.8,57,0.028,114,-3.54,241,107,279,110.6,204,-10.73,364,2026
116,Liberty,CUSA,25-6,4.65,118.3,57,113.7,259,63.9,341,0.157,2,-1.43,196,108,247,109.4,167,1.12,163,2026
117,Southern Illinois,MVC,16-16,4.61,104.1,272,99.5,29,69,102,-0.094,353,2.22,114,110.4,124,108.2,121,0.4,184,2026
118,Seattle,WCC,20-13,4.58,102.5,297,97.9,22,67.7,163,0.017,140,2.03,115,111.2,103,109.1,154,-3.1,278,2026
119,San Francisco,WCC,17-16,4.28,113.9,101,109.6,177,66,265,-0.006,203,4.51,97,111.4,101,106.8,93,0.76,175,2026
120,Murray St.,MVC,20-12,4.16,116.5,74,112.3,235,71.6,17,0.043,74,1.56,123,110.2,130,108.6,141,-3.28,282,2026
121,Saint Joseph's,A10,21-10,4.04,107,220,103,57,68.3,125,0.093,18,1.01,137,109.4,168,108.4,130,-4.61,302,2026
122,Bradley,MVC,21-12,3.99,112,126,108,140,67.4,182,0.039,85,1.05,136,109.4,165,108.4,128,-5.01,306,2026
123,UAB,Amer,20-11,3.96,109.9,164,106,105,69.1,90,0.02,131,-0.41,166,109.1,182,109.5,170,-5.09,310,2026
124,UT Rio Grande Valley,Slnd,18-13,3.84,111.1,139,107.3,127,66.5,226,-0.043,300,-1.23,188,108.2,243,109.4,165,8.71,25,2026
125,Florida Atlantic,Amer,17-14,3.45,110.5,152,107.1,123,69.6,68,-0.034,286,2.3,113,110.8,113,108.5,137,3.27,109,2026
126,UC Santa Barbara,BW,18-13,3.45,114.4,95,110.9,208,64.1,338,-0.058,322,-0.9,181,107.8,257,108.7,142,-0.28,199,2026
127,Utah,B12,46316,3.44,114.7,92,111.3,213,66.1,253,-0.007,207,12.18,33,116.3,37,104.1,32,0.35,187,2026
128,Maryland,B10,46346,3.38,111.3,137,107.9,138,66.1,252,0.014,146,14.98,9,118,12,103,5,1.75,138,2026
129,Rutgers,B10,13-18,3.32,111,141,107.7,134,66.6,225,0.037,96,11.03,55,115.3,57,104.3,39,-7.21,342,2026
130,Memphis,Amer,13-18,3.22,107.7,205,104.4,80,70.2,38,-0.05,308,5.99,88,113,84,107,95,10.87,18,2026
131,Fresno St.,MWC,13-18,3.13,107.9,198,104.8,86,68.3,128,-0.069,333,5.01,93,112.7,88,107.7,107,-2.52,262,2026
132,Montana St.,BSky,18-14,2.99,111.2,138,108.2,142,66,262,-0.083,346,0.36,151,111,104,110.7,207,6.72,47,2026
133,Duquesne,A10,17-14,2.91,110.7,149,107.8,135,69.1,88,-0.011,217,2.38,112,110.8,114,108.4,133,-6.01,323,2026
134,Rhode Island,A10,16-15,2.87,106.1,232,103.2,60,66,260,-0.039,295,1.07,135,110,138,108.9,146,-5.07,309,2026
135,Toledo,MAC,17-14,2.6,115,89,112.4,236,67.9,142,-0.065,328,-1.04,183,109.9,142,111,221,2.35,124,2026
136,Washington St.,WCC,46376,2.4,114.2,98,111.8,220,67.9,150,-0.094,352,5.47,90,111.5,100,106.1,77,5.39,72,2026
137,Northern Colorado,BSky,20-11,2.39,112.1,123,109.7,185,68.6,112,-0.014,225,-1.74,207,109.7,152,111.4,237,0.25,190,2026
138,Penn St.,B10,46375,2.31,114.5,94,112.2,232,67.5,174,-0.005,198,10.9,59,116.1,42,105.2,65,-6.84,336,2026
139,Robert Morris,Horz,22-10,2.17,111.4,134,109.2,167,64.7,323,0.041,76,-4.32,258,109.4,171,113.7,343,-1.29,228,2026
140,North Texas,Amer,18-13,2.03,103.9,275,101.9,43,64.8,316,0.011,154,0.74,142,110.2,131,109.4,166,0.16,192,2026
141,Navy,PL,26-7,1.85,107.6,207,105.8,101,65.1,302,0.053,58,-11.78,361,103.7,344,115.4,363,-9.16,359,2026
142,Portland St.,BSky,20-10,1.84,104.1,273,102.2,47,67.9,145,0.025,125,-1.63,201,110.3,126,112,268,1.89,134,2026
143,Richmond,A10,15-16,1.68,111.8,130,110.1,192,67.8,157,-0.086,348,0.5,148,109.8,150,109.3,164,-8.84,358,2026
144,Wright St.,Horz,21-11,1.61,112.4,118,110.8,204,66.9,210,-0.005,197,-3.82,248,109.9,147,113.7,344,1.21,158,2026
145,William & Mary,CAA,20-12,1.55,111.3,135,109.7,186,72.6,5,0.024,126,-1.67,202,108.7,209,110.4,199,0.78,174,2026
146,Bowling Green,MAC,18-13,1.5,107.4,211,105.9,103,68.4,123,-0.079,344,-3.26,230,108.5,223,111.7,261,-5.91,321,2026
147,East Tennessee St.,SC,23-10,1.47,110.4,155,108.9,162,66.2,247,-0.023,249,-7.89,323,107.1,276,115,360,-3.82,289,2026
148,Arkansas St.,SB,20-12,1.39,110.9,144,109.5,174,72,11,0.008,167,-3.48,239,107.6,261,111.1,228,3.14,111,2026
149,Harvard,Ivy,17-11,1.29,107.7,203,106.4,113,63.1,357,0.002,175,-3.28,231,108.2,240,111.5,241,-4.81,303,2026
150,Central Arkansas,ASun,22-12,1.28,110.5,154,109.2,166,68,139,0.041,80,-5.03,270,109.5,161,114.6,355,6.13,55,2026
151,Winthrop,BSth,23-11,1.18,111.9,127,110.7,201,70.1,48,0.025,124,-4.39,261,107.4,271,111.8,262,1.55,146,2026
152,Boston College,ACC,46346,1.12,104.1,271,103,58,66,263,-0.035,289,6.99,81,113.5,79,106.5,88,-7.06,339,2026
153,Troy,SB,21-11,1.09,110.8,145,109.7,184,65.1,305,0.025,122,-2.81,225,108,251,110.8,213,4.41,85,2026
154,Kent St.,MAC,23-8,1.07,112.2,121,111.1,210,70.5,33,0.151,3,-2.77,224,109.5,162,112.3,285,-3.1,276,2026
155,UC Davis,BW,18-13,1.05,109.3,175,108.3,144,68.3,124,0.038,92,-0.08,160,108.4,228,108.5,134,2.12,130,2026
156,Towson,CAA,19-14,1.02,105.9,237,104.9,90,63.7,343,0.026,121,-0.86,179,109.4,170,110.2,192,3.44,105,2026
157,UT Arlington,WAC,17-13,0.99,103.1,288,102.1,45,65,309,0.037,94,0.92,141,109.2,176,108.3,124,3.7,101,2026
158,Cornell,Ivy,15-12,0.98,119.8,50,118.8,336,71.6,16,-0.026,258,-1.45,197,108.3,235,109.8,174,-0.37,203,2026
159,Valparaiso,MVC,18-15,0.97,108.4,185,107.5,131,65.2,301,0.041,81,1.16,134,109.6,156,108.5,135,-5.65,318,2026
160,St. Bonaventure,A10,15-16,0.93,113.8,104,112.8,246,67.2,190,-0.042,299,1.54,125,109.7,155,108.1,119,-4.09,294,2026
161,Loyola Marymount,WCC,15-17,0.76,106.8,221,106,106,67,204,-0.045,304,1,138,110.1,132,109.1,155,-5.31,313,2026
162,Temple,Amer,16-15,0.71,112.7,114,112,227,65.1,306,-0.062,327,-1.32,192,108,250,109.3,163,-2.51,261,2026
163,Penn,Ivy,16-11,0.7,107.8,200,107.1,125,69.3,80,0.044,70,-0.79,176,109.3,172,110.1,188,0.95,168,2026
164,Georgia Tech,ACC,46346,0.67,108.2,193,107.5,132,70.7,26,-0.039,297,6.68,83,112.2,92,105.6,71,-9.32,360,2026
165,Idaho,BSky,19-14,0.59,109.3,176,108.7,156,67.6,169,-0.022,246,-1.29,191,109.8,149,111.1,229,1.12,161,2026
166,Eastern Washington,BSky,13-18,0.41,113.9,102,113.5,256,67.6,164,-0.072,338,1.26,129,110.5,117,109.2,158,7.79,40,2026
167,Western Kentucky,CUSA,18-13,0.38,108.5,183,108.1,141,69.7,64,0.017,137,-0.6,172,110,136,110.6,206,1.71,140,2026
168,Fordham,A10,17-14,0.36,105.1,256,104.7,85,64.5,326,-0.044,301,-2.33,214,108,249,110.3,197,-15.83,365,2026
169,Cal St. Fullerton,BW,17-15,0.3,110.7,151,110.4,196,72.6,6,0.046,65,1.56,121,110,140,108.4,132,6.85,44,2026
170,Oakland,Horz,16-16,0.18,115.5,83,115.3,294,69.9,55,0.016,141,0.2,153,110.9,111,110.7,208,17.54,1,2026
171,Middle Tennessee,CUSA,17-14,0,109.4,174,109.4,171,65.6,275,0.018,135,1.2,131,110.3,127,109.1,151,11.55,14,2026
172,Northern Kentucky,Horz,20-13,-0.08,109.5,168,109.6,176,69.9,54,-0.017,232,-4.28,256,110.4,125,114.7,356,-3.58,286,2026
173,Charleston,CAA,21-11,-0.16,108.3,186,108.5,151,67.7,161,0.105,14,-1.7,205,109.4,169,111.1,226,-1.25,226,2026
174,Merrimack,MAAC,23-10,-0.2,107.6,206,107.8,136,63.4,350,0.126,6,-5.53,283,105.5,304,111,222,3.83,96,2026
175,Austin Peay,ASun,22-9,-0.31,108.2,191,108.5,152,69.4,73,0.033,104,-6.24,294,108.9,199,115.1,361,2.34,127,2026
176,Texas A&M Corpus Chris,Slnd,18-14,-0.44,105.4,255,105.8,102,66.2,250,0.018,136,-0.04,159,109.1,188,109.1,153,16.97,2,2026
177,CSUN,BW,19-13,-0.65,108.2,188,108.9,158,73.8,2,0.078,28,-0.12,161,108.6,212,108.8,145,1.24,156,2026
178,Monmouth,CAA,19-14,-0.87,106.4,229,107.2,126,67,198,0.023,128,-2.52,219,107.5,267,110,185,-3.28,281,2026
179,Kennesaw St.,CUSA,18-13,-0.98,109.9,162,110.9,206,71.4,19,-0.009,214,-2.25,213,108.5,219,110.7,209,-5.04,308,2026
180,Oregon St.,WCC,17-15,-1.02,109.6,166,110.7,199,65.2,299,0.107,13,2.82,107,110.4,120,107.6,104,-1.32,231,2026
181,Campbell,CAA,16-18,-1.4,111.5,132,112.9,249,69.8,61,0.009,162,1.18,132,109.7,153,108.5,136,8.09,36,2026
182,Queens,ASun,21-13,-1.49,116,79,117.5,325,69.7,65,0.067,38,-5.36,278,108.8,204,114.1,353,5.81,61,2026
183,Utah Tech,WAC,18-14,-1.54,111,140,112.6,242,66,256,0.096,17,1.18,133,108.1,246,106.9,94,4.09,93,2026
184,New Mexico St.,CUSA,15-15,-1.69,110.2,159,111.8,223,66.9,208,-0.068,331,-1.23,187,108.5,220,109.7,173,1.07,165,2026
185,Tennessee St.,OVC,23-9,-1.78,109.4,173,111.1,211,70.3,36,0.07,35,-7.88,322,103.7,342,111.6,247,5.98,59,2026
186,Montana,BSky,16-15,-1.91,106.7,222,108.6,153,69.2,83,0.029,112,0.06,155,110.9,109,110.8,217,5.8,63,2026
187,Mercer,SC,19-13,-1.91,112.1,124,114,265,69,103,-0.021,241,-4.98,269,108.7,208,113.7,345,4.35,89,2026
188,Columbia,Ivy,16-12,-1.93,108.8,181,110.8,203,66.7,223,0.012,152,-3.09,227,108.5,217,111.6,248,-5.03,307,2026
189,FIU,CUSA,15-16,-1.94,107.7,202,109.7,179,71.8,12,-0.039,296,-0.9,180,109.1,186,110,183,0.27,189,2026
190,New Orleans,Slnd,15-18,-2.14,110,160,112.1,231,69.8,62,0.038,93,0.95,139,108.8,201,107.9,114,14.53,5,2026
191,Charlotte,Amer,15-16,-2.25,112.8,113,115,288,63.4,347,0.01,159,0.43,149,109.7,154,109.3,162,-0.44,207,2026
192,Appalachian St.,SB,19-13,-2.36,106.1,230,108.5,150,63,359,0.015,144,-5.2,273,107.4,270,112.6,300,-3.05,275,2026
193,Weber St.,BSky,16-15,-2.47,111.9,128,114.4,275,68.6,117,-0.02,239,-1.68,204,108.6,216,110.3,194,-0.72,215,2026
194,Drake,MVC,14-20,-2.6,110.2,158,112.8,247,67.3,186,-0.06,324,2.43,111,109.8,151,107.4,100,-3.68,287,2026
195,Siena,MAAC,22-11,-2.69,107.6,208,110.3,193,64.6,324,0.002,177,-9.41,350,103.3,353,112.7,304,-7.42,343,2026
196,Portland,WCC,15-19,-2.78,106.4,227,109.1,165,68.5,119,0.064,43,4.1,100,111.7,95,107.6,105,1.15,160,2026
197,Lipscomb,ASun,19-13,-2.79,107.2,215,110,187,69.4,76,0.044,69,-4.84,268,109.2,180,114,348,5.11,76,2026
198,UMBC,AE,22-8,-2.85,107.7,204,110.5,198,66.2,248,0.048,62,-14.4,365,101.1,365,115.5,364,-6.8,335,2026
199,Furman,SC,21-12,-2.88,107.2,216,110.1,189,66,255,0.011,153,-6.07,292,108.6,214,114.7,357,-0.32,201,2026
200,Indiana St.,MVC,46347,-2.9,106.5,225,109.4,173,68.1,136,-0.11,363,1.55,124,109,191,107.4,101,-5.35,314,2026
201,Massachusetts,MAC,16-15,-2.95,108.8,180,111.8,221,70.1,47,-0.057,319,-4.04,253,107.7,259,111.7,259,-6.3,328,2026
202,Howard,MEAC,21-10,-3.04,103.9,276,106.9,120,69.1,89,-0.023,247,-13.49,364,101.2,364,114.7,358,-1.37,234,2026
203,Marist,MAAC,19-12,-3.07,99.7,331,102.8,55,66.4,236,-0.027,261,-8.59,339,104.4,320,113,319,-7.02,338,2026
204,Jacksonville St.,CUSA,15-16,-3.14,105.8,240,108.9,160,65.4,289,-0.05,309,-2.65,222,108.2,242,110.9,218,-5.86,320,2026
205,Marshall,SB,19-13,-3.15,112.4,119,115.5,298,69.3,78,0.034,101,-3.85,249,107.8,256,111.6,252,-0.8,219,2026
206,South Alabama,SB,21-11,-3.15,107.2,214,110.4,195,64.7,322,0.058,49,-5.73,288,106.5,286,112.2,282,-4.99,305,2026
207,Buffalo,MAC,17-14,-3.27,113.1,111,116.3,308,66.5,232,-0.015,227,-3.92,250,107.5,264,111.5,239,-6.56,331,2026
208,Louisiana Tech,CUSA,18-13,-3.29,102.2,303,105.4,95,64.5,325,0.04,82,-2.91,226,108.4,233,111.3,233,-6.76,334,2026
209,Green Bay,Horz,18-15,-3.49,112.8,112,116.3,307,63,360,0.064,40,-1.76,208,110.5,118,112.2,281,6.67,50,2026
210,Tulane,Amer,17-14,-3.66,108,194,111.7,216,67,203,0.125,7,0.63,144,108.8,200,108.2,122,-3.3,283,2026
211,Cal Poly,BW,14-18,-3.88,110,161,113.8,263,74.1,1,0.009,165,1.42,126,109.1,181,107.7,109,5.43,71,2026
212,James Madison,SB,18-15,-3.88,109.4,172,113.3,252,66,257,0.017,138,-4.52,263,107,277,111.6,244,-2.32,260,2026
213,Samford,SC,18-14,-3.89,109.9,163,113.8,261,67.3,185,0.009,163,-5.58,284,108.4,227,114,347,0.71,176,2026
214,Youngstown St.,Horz,15-17,-3.95,105.8,241,109.7,182,67.3,187,-0.092,351,-3.47,237,110,141,113.4,338,-1.35,233,2026
215,Missouri St.,CUSA,14-17,-3.95,108.2,189,112.2,234,65.9,267,-0.057,320,-1.47,199,108.4,232,109.8,177,-0.83,220,2026
216,Tarleton St.,WAC,14-17,-3.97,104.4,267,108.4,146,69,93,-0.031,278,1.38,127,108.6,211,107.3,97,4.38,88,2026
217,LIU,NEC,23-10,-4.07,105.6,247,109.7,178,67.8,152,0.102,15,-9.45,351,104.2,332,113.6,342,2.47,119,2026
218,Quinnipiac,MAAC,19-13,-4.23,104.5,265,108.7,155,69.9,52,0.027,119,-7.09,308,104.5,319,111.5,243,1.74,139,2026
219,South Dakota St.,Sum,14-18,-4.29,108.3,187,112.6,243,66.8,214,-0.117,364,-2.75,223,108.2,244,110.9,219,2.9,115,2026
220,Southern Miss,SB,19-16,-4.31,105.4,254,109.7,183,69.3,77,0.043,73,-3.48,238,107.5,265,111,223,1.24,155,2026
221,Drexel,CAA,17-16,-4.65,102.7,295,107.3,129,64.3,332,0.003,174,-4.01,252,106.8,283,110.8,211,-7.58,346,2026
222,Detroit Mercy,Horz,16-14,-4.84,108.9,179,113.7,260,69,99,0.073,31,-2.37,216,109.9,148,112.2,280,7.97,39,2026
223,Tennessee Martin,OVC,22-11,-4.88,100.7,321,105.5,97,64.2,337,0.048,63,-8.5,337,103.3,352,111.8,263,0.33,188,2026
224,San Diego,WCC,46377,-5.03,108.4,184,113.5,254,68,138,0.003,173,2.54,110,110,137,107.5,103,-2.07,254,2026
225,La Salle,A10,46287,-5.17,105.6,245,110.8,205,65.5,280,-0.029,271,5.66,89,111.7,98,106,76,4.41,84,2026
226,Rice,Amer,13-18,-5.22,108.8,182,114,266,65.6,277,0.009,161,0.03,157,109.2,174,109.2,159,-1.74,244,2026
227,Ohio,MAC,15-16,-5.29,108.2,192,113.5,255,68.8,105,0.032,106,-1.19,186,109.2,175,110.4,202,1.26,154,2026
228,Western Carolina,SC,15-16,-5.47,109.5,169,115,286,67.8,151,-0.015,226,-3.56,242,109.2,179,112.7,305,10.24,19,2026
229,Stony Brook,CAA,17-15,-5.47,105.5,252,111,209,66.3,243,0.064,42,-2.54,220,107.3,272,109.8,176,-3.94,290,2026
230,Georgia Southern,SB,21-15,-5.53,110.9,143,116.4,310,70.3,35,0.055,55,-5.7,287,106,296,111.7,260,-6.36,329,2026
231,Elon,CAA,14-18,-5.67,110.4,156,116.1,303,66.8,213,-0.03,275,-2.01,211,108.8,206,110.8,212,-2.76,269,2026
232,Nicholls,Slnd,14-18,-5.69,106,235,111.7,218,68.2,129,0.044,67,0.04,156,108.7,207,108.7,143,10.05,20,2026
233,Southeast Missouri,OVC,20-13,-5.83,102.4,298,108.3,143,68.9,104,0.031,107,-7.69,319,104.4,325,112.1,274,4.79,80,2026
234,Vermont,AE,21-11,-5.89,107.4,210,113.3,251,65,308,0,184,-10.73,357,103.4,349,114.1,354,-2.02,251,2026
235,Long Beach St.,BW,46317,-5.89,105.7,243,111.6,214,68.6,115,-0.03,273,1.22,130,109.1,185,107.9,113,4.63,81,2026
236,Denver,Sum,15-17,-5.94,116.3,77,122.2,358,67.9,141,0.007,168,-1.28,190,109.5,164,110.7,210,8.34,29,2026
237,San Jose St.,MWC,46257,-6.11,111.6,131,117.7,326,64.9,313,-0.019,237,7.05,79,113.3,80,106.2,81,2.3,128,2026
238,Bethune Cookman,SWAC,17-14,-6.22,103.9,277,110.1,190,69.3,79,0.084,21,-6.72,302,105.5,305,112.2,278,14.18,6,2026
239,Lamar,Slnd,46375,-6.26,103.3,284,109.6,175,65.6,274,-0.089,349,-2.36,215,107.5,266,109.9,179,-0.36,202,2026
240,American,PL,16-16,-6.39,105.8,239,112.2,233,66.7,221,-0.024,254,-7.61,317,105.7,301,113.3,332,0.79,173,2026
241,Eastern Michigan,MAC,46316,-6.43,102,305,108.4,149,66.5,227,-0.096,355,-0.25,163,110.2,129,110.5,203,2.1,131,2026
242,Charleston Southern,BSth,15-17,-6.44,106.1,234,112.5,240,71.6,15,-0.09,350,-6.04,291,106.3,290,112.4,293,-5.18,312,2026
243,Florida Gulf Coast,ASun,16-18,-6.6,105.8,238,112.4,237,67.6,167,-0.029,266,-5.53,282,108.5,221,114,349,0.48,183,2026
244,UNC Asheville,BSth,15-17,-6.67,105.1,257,111.7,219,64.8,315,-0.016,228,-3.32,232,108.4,229,111.7,256,1.6,145,2026
245,Texas St.,SB,19-13,-6.69,104.2,268,110.9,207,66.1,254,0.084,24,-6.55,298,105.7,300,112.3,286,-8.8,357,2026
246,Abilene Christian,WAC,13-18,-6.74,100.9,319,107.6,133,67.5,178,0.026,120,0.94,140,108.9,193,108,116,1.33,152,2026
247,Coastal Carolina,SB,19-13,-6.8,102.1,304,108.9,157,66.9,212,0.132,4,-4.57,264,107.3,273,111.8,265,-1.84,248,2026
248,Old Dominion,SB,46377,-6.86,106.4,228,113.2,250,69,98,-0.073,339,-2.59,221,108.8,205,111.3,235,5.27,73,2026
249,Idaho St.,BSky,13-20,-7.03,109.8,165,116.8,315,65.6,278,-0.035,290,-0.27,165,109.5,163,109.8,175,3.82,97,2026
250,Colgate,PL,18-15,-7.07,107.9,197,115,287,66.9,207,0.044,68,-6.71,301,106.6,285,113.3,330,5.44,70,2026
251,Princeton,Ivy,46285,-7.08,105.6,248,112.7,244,63.5,346,-0.077,342,-0.57,171,109.6,158,110.2,191,-0.18,197,2026
252,Southern Utah,WAC,46316,-7.11,107.3,212,114.4,280,70.2,37,-0.046,305,2.54,109,109.3,173,106.7,92,6.08,56,2026
253,Boston University,PL,17-16,-7.27,112.6,115,119.9,344,63.2,354,-0.023,251,-8.35,335,104.6,316,113,318,-4.41,297,2026
254,Wofford,SC,19-13,-7.27,109.4,171,116.7,314,67.9,149,0.073,30,-7.22,310,108.4,226,115.7,365,-3.96,292,2026
255,East Carolina,Amer,46346,-7.41,103.8,278,111.2,212,68.7,109,-0.006,201,-0.18,162,110,135,110.2,193,-2.66,265,2026
256,Saint Peter's,MAAC,17-12,-7.57,103.2,286,110.7,202,65.6,279,0.066,39,-7.72,320,104.4,324,112.1,276,-0.9,221,2026
257,SIUE,OVC,19-13,-7.59,99.8,329,107.4,130,64.4,327,-0.007,209,-10.45,355,102.8,358,113.3,328,-7.43,344,2026
258,Radford,BSth,16-16,-7.67,106.5,224,114.2,273,70.7,28,-0.036,292,-6.82,305,106.3,291,113.1,322,-6.19,327,2026
259,Iona,MAAC,18-14,-7.74,104.1,270,111.9,224,68.8,107,0.041,78,-8.35,334,104.4,322,112.8,306,-2.72,267,2026
260,UC Riverside,BW,46317,-7.82,104.1,274,111.9,225,68.6,116,-0.048,307,1.8,117,109.9,144,108.1,118,6.67,49,2026
261,Purdue Fort Wayne,Horz,17-15,-7.86,105.6,246,113.4,253,67.7,158,0.118,9,-1.48,200,110.9,112,112.3,289,8.03,38,2026
262,Nebraska Omaha,Sum,16-17,-7.95,106.5,226,114.4,278,67.1,196,0.033,103,-2.4,217,109,189,111.5,238,3.63,102,2026
263,Pepperdine,WCC,46288,-8.05,105.6,249,113.6,257,68.6,113,-0.018,233,3.39,103,110.7,115,107.3,98,-1.76,245,2026
264,Fairfield,MAAC,21-13,-8.16,106,236,114.2,269,67,201,0.078,27,-9.35,348,103.3,354,112.6,301,-8.37,353,2026
265,Sacramento St.,BSky,46316,-8.32,106.1,233,114.4,277,71.8,13,-0.022,245,1.75,119,111,105,109.2,160,9.22,24,2026
266,Incarnate Word,Slnd,46375,-8.42,109.1,177,117.5,322,65.5,284,-0.028,264,-1.1,185,108,252,109.1,150,7.19,42,2026
267,Lindenwood,OVC,18-15,-8.49,100.8,320,109.3,170,72.4,8,0.017,139,-8.53,338,103.5,347,112,272,2.34,126,2026
268,Milwaukee,Horz,46376,-8.88,106.6,223,115.5,297,67.4,180,0.013,149,-1.34,194,111,106,112.3,287,6.85,45,2026
269,Presbyterian,BSth,15-18,-9,103.5,281,112.5,241,64.2,336,-0.02,240,-4.51,262,107.5,268,112,269,-1.53,238,2026
270,Central Michigan,MAC,46316,-9.1,106.1,231,115.2,292,67.2,193,-0.098,357,-1.32,193,108.8,202,110.1,189,1.69,142,2026
271,Longwood,BSth,16-16,-9.12,103.7,279,112.9,248,68.5,121,-0.036,291,-8.06,328,104.9,310,112.9,314,-10.36,363,2026
272,Hampton,CAA,13-19,-9.15,102.8,294,111.9,226,65.4,291,-0.013,224,-3.39,236,106.7,284,110.1,190,-7.07,340,2026
273,Western Michigan,MAC,46316,-9.25,108,195,117.2,318,67.7,159,-0.036,293,-0.97,182,108.9,197,109.9,180,-1.76,246,2026
274,Dartmouth,Ivy,46342,-9.31,105,258,114.4,274,69.5,70,0,183,-1.89,209,108.9,194,110.8,216,-4.1,295,2026
275,Southern,SWAC,15-16,-9.52,104.5,264,114,267,70.5,32,0.043,72,-5.38,279,106.1,293,111.5,242,15.5,3,2026
276,North Dakota,Sum,18-17,-9.57,107.1,219,116.6,312,67.3,188,0.111,12,-3.36,234,108.3,236,111.7,254,-0.32,200,2026
277,UTEP,CUSA,46346,-9.57,101.1,311,110.7,200,65.5,281,0.01,157,-0.02,158,109.1,187,109.1,152,3.72,100,2026
278,Bellarmine,ASun,13-19,-9.61,116.8,71,126.4,365,64.7,321,-0.013,223,-4.38,260,108.9,198,113.3,329,2.87,116,2026
279,Mount St. Mary's,MAAC,15-17,-9.63,99.6,333,109.2,168,67.6,172,0.028,116,-6.93,306,104.8,311,111.7,257,1.12,162,2026
280,Northwestern St.,Slnd,46317,-10.12,102.6,296,112.7,245,64.8,320,-0.013,221,-0.52,168,108.1,245,108.6,138,8.25,32,2026
281,South Dakota,Sum,16-16,-10.29,104.5,263,114.8,285,69.9,53,0.056,52,-5.39,280,107.4,269,112.8,307,-3.38,284,2026
282,Morehead St.,OVC,20-13,-10.31,107.2,217,117.5,323,65.4,290,0.16,1,-6.65,299,104.4,323,111.1,225,6.77,46,2026
283,Northeastern,CAA,46227,-10.51,107.8,201,118.3,330,69.6,67,-0.061,325,-1.35,195,108.6,215,109.9,182,-0.39,206,2026
284,Mercyhurst,NEC,17-16,-10.55,101.3,310,111.8,222,64.8,318,-0.006,205,-10.97,359,102.8,357,113.8,346,0.58,179,2026
285,Southeastern Louisiana,Slnd,46287,-10.58,99.9,325,110.5,197,65.5,283,-0.006,202,-0.55,169,108.5,225,109,149,5.44,69,2026
286,East Texas A&M,Slnd,46347,-10.79,100.9,318,111.7,217,68.2,132,0.001,181,-0.45,167,108.5,218,109,147,7,43,2026
287,Brown,Ivy,46283,-10.83,98.2,342,109,163,66.5,228,-0.05,310,-3.58,243,108.3,238,111.9,266,-8.34,352,2026
288,North Carolina A&T,CAA,46345,-10.93,105.5,251,116.5,311,68.5,118,-0.023,250,-3.35,233,107.8,255,111.2,231,-8.59,356,2026
289,Houston Christian,Slnd,46376,-11.1,103.1,287,114.2,271,64.4,328,0.034,99,-2.04,212,108,248,110,186,-0.5,210,2026
290,Lehigh,PL,17-16,-11.2,102.8,292,114,264,67,200,0.088,19,-8.09,329,105.3,307,113.4,337,-0.22,198,2026
291,Delaware,CUSA,46316,-11.35,104.6,261,116,301,63.2,355,0.006,169,-2.51,218,107.9,254,110.4,198,-6.66,332,2026
292,Ball St.,MAC,46375,-11.36,98.7,339,110.1,191,63.7,344,-0.005,199,-3.74,247,108.5,224,112.2,279,-6.08,324,2026
293,Loyola Chicago,A10,46257,-11.43,103.3,282,114.8,282,65.8,271,0.062,45,3.15,106,110.9,110,107.7,110,-4.44,300,2026
294,Jacksonville,ASun,46376,-11.46,103.3,285,114.8,283,63.4,349,-0.03,272,-3.71,246,109.4,167,113.1,323,5.63,66,2026
295,Sacred Heart,MAAC,14-19,-11.51,107.5,209,119,337,68.5,120,0.001,179,-7.15,309,104.5,318,111.7,253,-1.68,242,2026
296,Eastern Kentucky,ASun,46347,-11.63,109.5,170,121.1,350,67.3,183,-0.017,230,-3.68,245,109.2,178,112.9,312,3.44,106,2026
297,Le Moyne,NEC,15-17,-11.86,102.3,301,114.1,268,69.6,69,-0.018,234,-10.34,354,103,356,113.3,335,-1.5,237,2026
298,Grambling St.,SWAC,13-18,-11.94,97.3,345,109.2,169,67.6,166,-0.03,276,-7.9,325,104.3,331,112.2,277,2.37,123,2026
299,UNC Greensboro,SC,15-19,-12.19,107.9,196,120.1,348,67.7,160,0.056,53,-5.77,290,108.3,234,114.1,352,-0.49,208,2026
300,Chattanooga,SC,13-19,-12.19,105.7,244,117.9,328,67.3,189,-0.029,267,-6.65,300,108.2,241,114.9,359,-2.19,258,2026
301,Alabama A&M,SWAC,17-14,-12.23,104.9,259,117.2,317,65.5,288,0.053,56,-10.52,356,102.5,360,113,321,-1.86,249,2026
302,USC Upstate,BSth,13-19,-12.39,99.2,337,111.6,215,67.6,173,0.025,123,-5.21,275,106.5,287,111.7,258,-1.14,225,2026
303,Stetson,ASun,46377,-12.53,105.5,250,118.1,329,66.7,219,0.008,166,-3.5,240,109,192,112.5,297,5.15,75,2026
304,West Georgia,ASun,15-17,-12.54,101.8,307,114.4,276,69.2,82,0.072,32,-6.31,295,109.1,183,115.4,362,0.62,178,2026
305,Central Connecticut,NEC,18-12,-12.78,104.9,260,117.7,327,65.1,303,0.116,10,-10.83,358,102.5,359,113.4,336,-1.79,247,2026
306,Wagner,NEC,14-17,-12.81,102.8,293,115.6,299,65.5,285,-0.001,185,-8.78,341,103.6,346,112.4,292,6.13,54,2026
307,Evansville,MVC,46228,-12.83,102.2,302,115,289,67,199,-0.011,220,4.89,95,111.3,102,106.4,84,4.1,92,2026
308,Texas Southern,SWAC,46373,-12.85,102.4,299,115.2,293,68.6,114,-0.025,255,-8.29,332,104.3,328,112.6,299,13.02,11,2026
309,Georgia St.,SB,46317,-12.94,99.5,335,112.5,238,67.9,148,-0.04,298,-3.66,244,107.6,263,111.2,232,-0.12,195,2026
310,Little Rock,OVC,46376,-12.94,103,289,116,300,66.7,222,-0.033,280,-6.1,293,103.9,339,110,184,5.04,77,2026
311,Oral Roberts,Sum,46318,-12.97,102.3,300,115.3,295,67.8,155,-0.055,315,-1.47,198,109.9,143,111.4,236,5.65,65,2026
312,Prairie View A&M,SWAC,14-17,-13.04,101.1,312,114.2,270,72,10,-0.013,222,-8.75,340,104.1,333,112.9,310,9.23,23,2026
313,Louisiana,SB,46348,-13.3,100.4,322,113.7,258,63.3,353,0.033,105,-4.2,255,106.8,282,111,224,-1.59,239,2026
314,Tennessee Tech,OVC,13-18,-13.34,102.8,291,116.1,304,66.9,211,-0.028,263,-7.28,312,103.9,338,111.2,230,3.29,107,2026
315,Arkansas Pine Bluff,SWAC,13-18,-13.37,103.3,283,116.7,313,69.1,91,0.038,88,-5.14,271,106.4,289,111.6,246,14.71,4,2026
316,Florida A&M,SWAC,14-15,-13.4,98.7,340,112.1,229,68.2,133,0.081,25,-8.1,330,104.5,317,112.6,302,8.09,35,2026
317,IU Indy,Horz,46228,-13.9,105.7,242,119.6,342,73.3,3,-0.033,283,-3.12,228,109.4,166,112.5,298,-0.62,213,2026
318,UMass Lowell,AE,15-17,-14.11,102.8,290,116.9,316,69.2,84,0.018,134,-9.36,349,103.8,341,113.1,324,2.49,118,2026
319,Alabama St.,SWAC,46317,-14.38,99.4,336,113.8,262,69.5,72,-0.071,337,-6.46,296,104.6,315,111.1,227,8.69,27,2026
320,Northern Arizona,BSky,46317,-14.45,105.4,253,119.9,345,63.9,340,0.031,109,-0.7,174,109.9,146,110.6,205,0.52,181,2026
321,Norfolk St.,MEAC,15-16,-14.62,101.7,308,116.3,309,67.9,144,-0.009,212,-11.02,360,101.9,362,112.9,315,0.8,172,2026
322,Cleveland St.,Horz,46348,-14.72,109.5,167,124.3,362,69.8,59,0.04,83,-1.71,206,110.3,128,112,270,4.39,86,2026
323,Loyola MD,PL,46376,-14.84,104.4,266,119.3,339,68.2,130,-0.027,262,-8.94,345,104.4,326,113.3,331,-6.46,330,2026
324,Eastern Illinois,OVC,13-20,-14.89,97.1,347,112,228,65.7,273,0.037,97,-5.77,289,105,309,110.8,214,12.59,12,2026
325,Albany,AE,46347,-14.91,103.6,280,118.5,332,65.2,298,-0.086,347,-6.98,307,105.1,308,112.1,275,4.61,82,2026
326,Lafayette,PL,46347,-15.23,101,316,116.2,305,66.8,215,0.009,164,-7.29,313,105.7,302,112.9,316,-0.38,204,2026
327,Cal St. Bakersfield,BW,46258,-15.41,102,306,117.4,320,70.2,41,0.012,151,0.62,145,108.4,231,107.7,111,0.64,177,2026
328,New Haven,NEC,14-17,-16.12,96.4,351,112.5,239,63.3,352,0.041,77,-9.12,346,103.3,351,112.4,296,3.28,108,2026
329,Manhattan,MAAC,46376,-16.5,104.6,262,121.1,351,67.9,146,0.053,57,-7.9,326,103.7,343,111.6,249,-2.68,266,2026
330,Holy Cross,PL,46348,-16.51,101,315,117.5,324,65.6,276,-0.007,208,-6.79,304,106.5,288,113.2,327,0.16,193,2026
331,Bucknell,PL,46318,-16.68,98.4,341,115.1,291,66.9,206,0.015,143,-5.68,286,107.2,275,112.9,313,2.37,122,2026
332,NJIT,AE,16-16,-16.88,97.3,344,114.2,272,67.9,143,0.126,5,-9.24,347,103.6,345,112.9,311,1.34,151,2026
333,Stonehill,NEC,46377,-17.33,92,362,109.4,172,66.4,235,-0.007,210,-10,352,103.3,350,113.3,333,-2.9,273,2026
334,Northern Illinois,MAC,46286,-17.34,97.2,346,114.5,281,67.5,177,0.014,147,-0.84,178,109.5,160,110.4,200,2.46,120,
335,North Florida,ASun,46228,-17.55,107.2,218,124.7,363,70.4,34,-0.029,270,-3.14,229,108.5,222,111.6,251,8.16,34,
336,Fairleigh Dickinson,NEC,46347,-17.66,101.1,313,118.7,334,63.9,339,-0.006,204,-8.24,331,103.8,340,112,273,5.6,67,
337,Army,PL,46347,-18.44,100.3,323,118.8,335,67.1,194,0.044,66,-7.5,315,106,297,113.5,339,-1.63,240,
338,Niagara,MAAC,46256,-18.53,99.8,328,118.3,331,62.1,365,-0.038,294,-7.94,327,104.3,330,112.2,283,-3.71,288,
339,Southern Indiana,OVC,46226,-18.61,95.8,354,114.4,279,67.6,170,-0.105,362,-7.9,324,104,335,111.9,267,-1.31,229,
340,UTSA,Amer,46167,-18.67,99.8,327,118.5,333,68.6,111,-0.001,186,1.78,118,110.4,121,108.6,140,2.15,129,
341,Jackson St.,SWAC,46346,-19.13,101,317,120.1,347,69.4,74,0.097,16,-5.58,285,105.9,299,111.5,240,13.67,7,
342,North Alabama,ASun,46286,-19.2,99.8,326,119,338,64.9,314,0.057,51,-4.34,259,109.2,177,113.5,340,2.44,121,
343,Canisius,MAAC,46316,-19.28,95.5,355,114.8,284,64.2,333,0.019,133,-7.6,316,104.7,313,112.3,288,-3.21,280,
344,Air Force,MWC,46109,-19.51,96.6,350,116.1,302,66.2,249,-0.002,190,5.23,91,112.5,89,107.3,99,-4.41,298,
345,Chicago St.,NEC,46228,-19.62,99.7,332,119.3,340,65.4,292,-0.032,279,-4.29,257,106,298,110.3,196,11.08,16,
346,The Citadel,SC,46348,-20.16,101,314,121.2,352,64.4,330,0.028,115,-5.19,272,108.4,230,113.6,341,-1.35,232,
347,Alcorn St.,SWAC,46287,-20.24,97.1,348,117.3,319,67.4,181,0.047,64,-4.84,267,106.1,294,110.9,220,13.21,9,
348,Maine,AE,46258,-20.3,91.8,363,112.1,230,64.8,319,-0.031,277,-8.82,342,104.4,327,113.2,325,-1,223,
349,Maryland Eastern Shore,MEAC,46287,-20.38,94.7,358,115.1,290,63.1,356,-0.046,306,-8.35,333,104.3,329,112.7,303,5.48,68,
350,New Hampshire,AE,46286,-20.71,95.5,356,116.2,306,67.5,175,-0.002,191,-7.74,321,104.7,314,112.4,295,5.73,64,
351,Louisiana Monroe,SB,46140,-21.04,101.4,309,122.5,360,70.2,42,-0.099,358,-3.38,235,107,278,110.4,201,-0.93,222,
352,Morgan St.,MEAC,14-15,-21.26,100.2,324,121.5,353,70.8,25,0.118,8,-11.83,362,101.4,363,113.2,326,-1.32,230,
353,North Carolina Central,MEAC,46373,-21.94,99.6,334,121.5,354,66.4,234,0.058,48,-8.89,344,103.5,348,112.3,290,9.52,22,
354,Saint Francis,NEC,46227,-22.32,99.8,330,122.1,357,70,50,-0.025,257,-6.52,297,105.3,306,111.8,264,7.55,41,
355,Bryant,AE,46287,-22.99,96.8,349,119.8,343,64.2,334,0.009,160,-7.61,318,104,336,111.6,250,2.79,117,
356,South Carolina St.,MEAC,46286,-24.12,95.3,357,119.4,341,68.2,131,0.022,129,-8.38,336,104.4,321,112.8,308,3.74,99,
357,Rider,MAAC,46137,-24.47,95.9,352,120.3,349,65.9,268,-0.024,252,-4.7,266,106.1,295,110.8,215,11.16,15,
358,Kansas City,Sum,46139,-25.1,92.3,361,117.4,321,69.8,56,-0.017,231,-1.26,189,110.4,119,111.7,255,6.27,52,
359,Binghamton,AE,46257,-25.53,97.8,343,123.4,361,65.3,296,-0.019,236,-11.97,363,102.1,361,114,350,-7.97,348,
360,VMI,SC,46199,-26.22,98.9,338,125.1,364,66.8,216,-0.011,219,-5.32,277,108.8,203,114.1,351,-1.64,241,
361,Gardner Webb,BSth,46141,-26.34,95.9,353,122.2,359,69.2,81,-0.001,189,-0.84,177,109.1,184,109.9,181,5.81,62,
362,Delaware St.,MEAC,46225,-27.48,87.9,365,115.4,296,65.8,270,-0.024,253,-10.32,353,103,355,113.3,334,2.04,132,
363,Coppin St.,MEAC,46227,-27.62,92.4,360,120,346,68,137,0.037,95,-7.26,311,104.8,312,112,271,3.61,103,
364,Western Illinois,OVC,46168,-28.49,93.1,359,121.6,355,66.6,224,-0.052,314,-7.36,314,103.9,337,111.3,234,-1.43,235,
365,Mississippi Valley St.,SWAC,46110,-30.85,90.8,364,121.7,356,67,202,-0.029,268,-6.72,303,105.6,303,112.4,291,6.06,57,